"word","wordcount","latitude","longitude","country_code"
"Bern","3086","46.94809000","7.44744000","CH"
"Zürich","1124","47.36667000","8.55000000","CH"
"Basel","623","47.55472200","7.59055600","CH"
"Berlin","415","38.32262000","-75.21769000","US"
"Berlin","415","44.46867000","-71.18508000","US"
"Berlin","415","39.92064000","-78.95780000","US"
"Berlin","415","41.62223400","-72.77362800","US"
"Berlin","415","43.96804000","-88.94345000","US"
"Berlin","415","42.38120000","-71.63701000","US"
"Berlin","415","52.52437000","13.41053000","DE"
"Berlin","415","39.79123000","-74.92905000","US"
"Paris","204","38.20980000","-84.25299000","US"
"Paris","204","36.30200000","-88.32671000","US"
"Paris","204","33.66094000","-95.55551000","US"
"Paris","204","39.48087000","-92.00128000","US"
"Paris","204","35.29203000","-93.72992000","US"
"Paris","204","42.22715000","-111.40104000","US"
"Paris","204","39.61115000","-87.69614000","US"
"Paris","204","44.25979000","-70.50062000","US"
"Paris","204","48.85340000","2.34860000","FR"
"Paris","204","43.20000000","-80.38333000","CA"
"Heidelberg","196","-37.75000000","145.06667000","AU"
"Heidelberg","196","49.40768000","8.69079000","DE"
"Heidelberg","196","-26.50476000","28.35921000","ZA"
"Heidelberg","196","26.19702000","-97.88028000","US"
"Heidelberg","196","40.39229000","-80.09089000","US"
"Lausanne","180","46.51600000","6.63282000","CH"
"Freiburg","154","53.82529000","9.28803000","DE"
"Freiburg","154","47.99590000","7.85222000","DE"
"Göttingen","125","51.53443000","9.93228000","DE"
"Tübingen","125","48.52266000","9.05222000","DE"
"Leipzig","116","51.33962000","12.37129000","DE"
"Bonn","106","50.73438000","7.09549000","DE"
"Burgdorf","83","52.44628000","10.00640000","DE"
"Burgdorf","83","47.05901000","7.62786000","CH"
"Jena","82","50.92878000","11.58990000","DE"
"Jena","82","31.68323000","-92.13374000","US"
"University","79","18.00094000","-76.74769000","JM"
"University","79","34.36594000","-89.52536000","US"
"University","79","28.07389000","-82.43902000","US"
"Würzburg","66","49.79391000","9.95121000","DE"
"Hamburg","64","40.55565000","-75.98188000","US"
"Hamburg","64","33.22818000","-91.79763000","US"
"Hamburg","64","42.71589000","-78.82948000","US"
"Hamburg","64","53.57532000","10.01534000","DE"
"Hamburg","64","40.60445000","-95.65777000","US"
"Hamburg","64","41.15343000","-74.57627000","US"
"Giessen","57","51.79000000","5.03056000","NL"
"Halle","55","51.99122000","9.56532000","DE"
"Halle","55","50.73385000","4.23454000","BE"
"Halle","55","52.06007000","8.36083000","DE"
"Solothurn","54","47.20791000","7.53714000","CH"
"Biel","52","42.38763000","-0.94154000","ES"
"London","48","39.88645000","-83.44825000","US"
"London","48","37.12898000","-84.08326000","US"
"London","48","42.98339000","-81.23304000","CA"
"London","48","35.32897000","-93.25296000","US"
"London","48","51.50853000","-0.12574000","GB"
"London","48","36.47606000","-119.44318000","US"
"Münster","47","51.96236000","7.62571000","DE"
"Münster","47","47.42164000","11.83356000","AT"
"Münster","47","49.92278000","8.86778000","DE"
"Münster","47","48.22904000","10.63623000","DE"
"Luzern","42","47.05048000","8.30635000","CH"
"Kiel","41","54.32133000","10.13489000","DE"
"Aarau","41","47.39254000","8.04422000","CH"
"Kiel","41","43.91249000","-88.03565000","US"
"Köln","31","50.93333000","6.95000000","DE"
"Dresden","27","40.12146000","-82.01069000","US"
"Erlangen","27","49.59099000","11.00783000","DE"
"Winterthur","27","47.50564000","8.72413000","CH"
"Dresden","27","36.29145000","-88.70811000","US"
"Dresden","27","51.05089000","13.73832000","DE"
"Thun","25","46.75118000","7.62166000","CH"
"Graz","24","47.06667000","15.45000000","AT"
"Boston","21","30.79186000","-83.78989000","US"
"Chur","21","46.84986000","9.53287000","CH"
"Boston","21","7.90499890","126.11753750","PH"
"Boston","21","42.35843000","-71.05977000","US"
"Boston","21","42.62895000","-78.73753000","US"
"Boston","21","52.97633000","-0.02664000","GB"
"York","20","17.92849000","-76.43983000","JM"
"York","20","-31.88809000","116.76780000","AU"
"York","20","32.48625000","-88.29642000","US"
"York","20","40.86807000","-97.59200000","US"
"York","20","53.95763000","-1.08271000","GB"
"York","20","34.99430000","-81.24202000","US"
"York","20","39.96260000","-76.72774000","US"
"Stuttgart","20","34.50037000","-91.55263000","US"
"York","20","44.00011000","-79.46632000","CA"
"Stuttgart","20","48.78232000","9.17702000","DE"
"Harvard","19","42.50009000","-71.58284000","US"
"Greifswald","19","54.09311000","13.38786000","DE"
"Harvard","19","42.42224000","-88.61371000","US"
"Research","18","-37.70000000","145.18333000","AU"
"Chicago","18","41.85003000","-87.65005000","US"
"Schaffhausen","17","47.69732000","8.63493000","CH"
"Budapest","17","47.49835000","19.04045000","HU"
"Mainz","17","49.98419000","8.27910000","DE"
"Wahl","16","49.83667000","5.90639000","LU"
"Innsbruck","16","47.26266000","11.39454000","AT"
"Oxford","15","-43.30000000","172.18333000","NZ"
"Oxford","15","34.36650000","-89.51925000","US"
"Oxford","15","42.82475000","-83.26466000","US"
"Hannover","15","52.37052000","9.73322000","DE"
"Oxford","15","44.13174000","-70.49311000","US"
"Oxford","15","39.78539000","-75.97883000","US"
"Oxford","15","42.11676000","-71.86479000","US"
"Oxford","15","45.73345000","-63.86542000","CA"
"Oxford","15","51.75222000","-1.25596000","GB"
"Oxford","15","40.80315000","-74.98962000","US"
"Oxford","15","36.31070000","-78.59083000","US"
"Oxford","15","39.50700000","-84.74523000","US"
"Oxford","15","42.44202000","-75.59769000","US"
"Oxford","15","33.61427000","-85.83496000","US"
"Oxford","15","37.27419000","-97.16893000","US"
"Oxford","15","33.61900000","-83.86741000","US"
"Oxford","15","41.43399000","-73.11678000","US"
"Frauenfeld","15","47.55776000","8.89893000","CH"
"Oxford","15","40.51976000","-87.24779000","US"
"England","14","34.54426000","-91.96903000","US"
"College","13","64.85694000","-147.80278000","US"
"Lugano","13","46.01008000","8.96004000","CH"
"California","12","25.76090000","-103.37556000","MX"
"Petersburg","12","41.90116000","-83.71494000","US"
"Petersburg","12","38.49199000","-87.27862000","US"
"Petersburg","12","37.22793000","-77.40193000","US"
"California","12","7.34340000","-72.95815000","CO"
"California","12","38.30040000","-76.50745000","US"
"Petersburg","12","56.81250000","-132.95556000","US"
"Petersburg","12","33.86952000","-101.59739000","US"
"California","12","38.62753000","-92.56658000","US"
"Petersburg","12","38.99261000","-79.12392000","US"
"California","12","40.06563000","-79.89171000","US"
"Petersburg","12","40.01172000","-89.84817000","US"
"Cambridge","11","52.20000000","0.11667000","GB"
"Holland","11","30.87824000","-97.40167000","US"
"Cambridge","11","41.30365000","-90.19290000","US"
"Holland","11","42.78752000","-86.10893000","US"
"Cambridge","11","40.28195000","-100.16569000","US"
"Holland","11","18.10358000","-77.80164000","JM"
"Holland","11","42.64117000","-78.54169000","US"
"Holland","11","42.06398000","-72.15730000","US"
"Cambridge","11","43.00361000","-89.01650000","US"
"Cambridge","11","40.03118000","-81.58846000","US"
"Darmstadt","11","38.09921000","-87.57891000","US"
"Cambridge","11","43.36010000","-80.31269000","CA"
"Darmstadt","11","49.87167000","8.65027000","DE"
"Schiers","11","46.96973000","9.68720000","CH"
"Cambridge","11","18.31308000","-77.89546000","JM"
"Cambridge","11","-37.87822000","175.44020000","NZ"
"Cambridge","11","45.57274000","-93.22439000","US"
"Cambridge","11","42.37510000","-71.10561000","US"
"Cambridge","11","-42.83333000","147.45000000","AU"
"Cambridge","11","38.56317000","-76.07883000","US"
"Cambridge","11","43.02813000","-73.38122000","US"
"Cambridge","11","-31.93542000","115.79887000","AU"
"Davos","11","46.80429000","9.83723000","CH"
"Holland","11","41.62172000","-83.71160000","US"
"Zofingen","10","47.28779000","7.94586000","CH"
"Montpellier","10","43.61092000","3.87723000","FR"
"Rochester","9","51.38764000","0.50546000","GB"
"Princeton","9","40.40084000","-93.58050000","US"
"Rochester","9","43.30453000","-70.97562000","US"
"Princeton","9","49.45802000","-120.51076000","CA"
"Rochester","9","40.70229000","-80.28645000","US"
"Rochester","9","41.73177000","-70.82004000","US"
"Princeton","9","40.34872000","-74.65905000","US"
"Berkeley","9","38.75450000","-90.33123000","US"
"Princeton","9","25.53844000","-80.40894000","US"
"Rochester","9","44.02163000","-92.46990000","US"
"Mannheim","9","49.48910000","8.46694000","DE"
"Princeton","9","42.44870000","-71.87730000","US"
"Rochester","9","41.06476000","-86.21583000","US"
"Rochester","9","43.15478000","-77.61556000","US"
"Princeton","9","37.10922000","-87.88196000","US"
"Schwyz","9","47.02076000","8.65414000","CH"
"Princeton","9","33.18012000","-96.49804000","US"
"Princeton","9","37.36623000","-81.10259000","US"
"Berkeley","9","41.88892000","-87.90340000","US"
"Rochester","9","-36.36352000","144.70077000","AU"
"Rostock","9","54.08870000","12.14049000","DE"
"Princeton","9","45.56997000","-93.58163000","US"
"Rochester","9","42.74141000","-88.22426000","US"
"Bellinzona","9","46.19278000","9.01703000","CH"
"Rochester","9","46.82177000","-123.09625000","US"
"Princeton","9","38.35532000","-87.56752000","US"
"Berkeley","9","-34.48333000","150.85000000","AU"
"Princeton","9","43.85081000","-89.12178000","US"
"Rochester","9","42.68059000","-83.13382000","US"
"Princeton","9","41.36809000","-89.46481000","US"
"Berkeley","9","51.69111000","-2.45917000","GB"
"Berkeley","9","37.87159000","-122.27275000","US"
"Princeton","9","35.46599000","-78.16055000","US"
"Rochester","9","39.74949000","-89.53176000","US"
"Aachen","8","50.77664000","6.08342000","DE"
"Montauban","8","44.01819000","1.36432000","FR"
"Trogen","7","47.40782000","9.46498000","CH"
"Columbia","7","40.03371000","-76.50441000","US"
"Columbia","7","34.00071000","-81.03481000","US"
"Bochum","7","-23.28609000","29.13964000","ZA"
"Columbia","7","38.95171000","-92.33407000","US"
"Zug","7","47.17242000","8.51745000","CH"
"Columbia","7","32.10516000","-92.07791000","US"
"Konstanz","7","47.66033000","9.17582000","DE"
"Columbia","7","37.10284000","-85.30635000","US"
"Barth","7","54.36346000","12.72491000","DE"
"Stockholm","7","59.33258000","18.06490000","SE"
"Columbia","7","38.44366000","-90.20122000","US"
"Columbia","7","35.61507000","-87.03528000","US"
"Büren","7","51.55109000","8.55956000","DE"
"Brugg","7","47.48096000","8.20869000","CH"
"Bochum","7","51.48165000","7.21648000","DE"
"Rossi","7","44.00029000","8.05884000","IT"
"Columbia","7","39.24038000","-76.83942000","US"
"Columbia","7","31.25184000","-89.83758000","US"
"Trogen","7","50.36667000","11.95000000","DE"
"Columbia","7","38.03631000","-120.40131000","US"
"Columbia","7","35.91766000","-76.25215000","US"
"Washington","6","38.71345000","-78.15944000","US"
"Washington","6","38.65922000","-87.17279000","US"
"Weimar","6","50.98030000","11.32903000","DE"
"Washington","6","40.75843000","-74.97934000","US"
"Washington","6","41.29918000","-91.69294000","US"
"Washington","6","33.73679000","-82.73931000","US"
"San","6","13.30335000","-4.89562000","ML"
"Leoben","6","47.37650000","15.09144000","AT"
"Baltimore","6","39.84534000","-82.60072000","US"
"Washington","6","41.63148000","-73.31067000","US"
"Roche","6","45.58723000","5.16223000","FR"
"Washington","6","40.70365000","-89.40731000","US"
"Washington","6","37.13054000","-113.50829000","US"
"Baltimore","6","39.29038000","-76.61219000","US"
"Roche","6","50.40808000","-4.83373000","GB"
"Washington","6","40.17396000","-80.24617000","US"
"Langenthal","6","47.21526000","7.79607000","CH"
"Washington","6","39.81806000","-97.05086000","US"
"Washington","6","44.27369000","-69.36727000","US"
"Washington","6","38.55811000","-91.01209000","US"
"Washington","6","54.90000000","-1.51667000","GB"
"Washington","6","35.54655000","-77.05217000","US"
"Washington","6","44.10562000","-72.43260000","US"
"Interlaken","6","46.68387000","7.86638000","CH"
"Utrecht","6","-27.65862000","30.32166000","ZA"
"Oslo","6","59.91273000","10.74609000","NO"
"Interlaken","6","36.95134000","-121.73384000","US"
"Weimar","6","29.70301000","-96.78053000","US"
"Washington","6","39.26119000","-81.67180000","US"
"Kanton","6","-2.81000000","-171.67800000","KI"
"Utrecht","6","52.09083000","5.12222000","NL"
"Angeles","5","15.14718056","120.58473333","PH"
"Madison","5","41.82834000","-97.45505000","US"
"Baden","5","47.47333000","8.30592000","CH"
"Glasgow","5","36.99588000","-85.91192000","US"
"Einsiedeln","5","47.12849000","8.74735000","CH"
"Leiden","5","52.15833000","4.49306000","NL"
"Madison","5","34.69926000","-86.74833000","US"
"Baden","5","48.00543000","16.23264000","AT"
"Groningen","5","53.21917000","6.56667000","NL"
"Madison","5","44.00608000","-97.11395000","US"
"Amsterdam","5","52.37403000","4.88969000","NL"
"Szeged","5","46.25300000","20.14824000","HU"
"Madison","5","38.06705000","-81.81929000","US"
"Madison","5","45.00968000","-96.19588000","US"
"Madison","5","38.38041000","-78.25750000","US"
"Dublin","5","53.33306000","-6.24889000","IE"
"Dublin","5","32.08514000","-98.34199000","US"
"Dublin","5","37.10568000","-80.68534000","US"
"Madison","5","41.77116000","-81.04982000","US"
"Madison","5","36.38542000","-79.95949000","US"
"Glasgow","5","39.22725000","-92.84658000","US"
"Baden","5","47.61734000","-2.91987000","FR"
"Baden","5","40.63507000","-80.22812000","US"
"Madison","5","41.27954000","-72.59843000","US"
"Dublin","5","40.09923000","-83.11408000","US"
"Amsterdam","5","42.93869000","-74.18819000","US"
"Braunschweig","5","52.26594000","10.52673000","DE"
"Saarbrücken","5","49.23262000","7.00982000","DE"
"Münsingen","5","48.41126000","9.49704000","DE"
"Dublin","5","32.54044000","-82.90375000","US"
"Edinburgh","5","55.95206000","-3.19648000","GB"
"Baden","5","38.65928000","-76.77775000","US"
"Glasgow","5","48.19696000","-106.63671000","US"
"Münsingen","5","46.87298000","7.56100000","CH"
"Glasgow","5","39.60483000","-75.74521000","US"
"Regensburg","5","49.01513000","12.10161000","DE"
"Madison","5","43.07305000","-89.40123000","US"
"Dublin","5","42.90758000","-72.06258000","US"
"Madison","5","38.68255000","-90.15705000","US"
"Uppsala","5","59.85882000","17.63889000","SE"
"Lehre","5","52.33333000","10.66667000","DE"
"Madison","5","44.79756000","-69.87978000","US"
"Salzburg","5","47.79941000","13.04399000","AT"
"Madison","5","40.75982000","-74.41710000","US"
"Madison","5","30.46938000","-83.41293000","US"
"Madison","5","32.46181000","-90.11536000","US"
"Linz","5","48.30639000","14.28611000","AT"
"Madison","5","38.73589000","-85.37996000","US"
"Glasgow","5","37.63402000","-79.45031000","US"
"Dublin","5","40.37177000","-75.20156000","US"
"Madison","5","43.89924000","-71.14840000","US"
"Küssnacht","5","47.08557000","8.44206000","CH"
"Groningen","5","5.80000000","-55.46667000","SR"
"Edinburgh","5","39.35422000","-85.96666000","US"
"Madison","5","33.59568000","-83.46794000","US"
"Dublin","5","37.70215000","-121.93579000","US"
"Glasgow","5","55.86515000","-4.25763000","GB"
"Bologna","5","44.46667000","11.43333000","IT"
"Landshut","4","48.52961000","12.16179000","DE"
"Miami","4","-28.07173000","153.44158000","AU"
"Franeker","4","53.18546000","5.54123000","NL"
"Miami","4","25.77427000","-80.19366000","US"
"Nürnberg","4","49.45421000","11.07752000","DE"
"Miami","4","36.87451000","-94.87746000","US"
"Stanford","4","37.42411000","-122.16608000","US"
"Parma","4","44.79935000","10.32618000","IT"
"Yale","4","36.11423000","-96.69919000","US"
"Saumur","4","47.25908000","-0.07796000","FR"
"Münchenbuchsee","4","47.02175000","7.45036000","CH"
"Miami","4","33.39922000","-110.86872000","US"
"Rice","4","45.75191000","-94.22027000","US"
"Parma","4","66.00000000","57.70000000","RU"
"Mühlhausen","4","51.20896000","10.45275000","DE"
"Stans","4","46.95805000","8.36609000","CH"
"Yale","4","43.13003000","-82.79826000","US"
"Kecskemét","4","46.90618000","19.69128000","HU"
"Belp","4","46.89129000","7.49825000","CH"
"Düsseldorf","4","51.22172000","6.77616000","DE"
"Karlsruhe","4","49.00937000","8.40444000","DE"
"Ljubljana","4","46.05108000","14.50513000","SI"
"Hugo","4","34.01066000","-95.50968000","US"
"Mühlhausen","4","49.75443000","10.77563000","DE"
"Sachsen","4","49.28999000","10.65971000","DE"
"Hugo","4","45.15997000","-92.99327000","US"
"Miami","4","35.69143000","-100.63819000","US"
"Hugo","4","39.13610000","-103.46994000","US"
"Pisa","4","43.70853000","10.40360000","IT"
"Stans","4","47.36667000","11.71667000","AT"
"Stanford","4","37.53119000","-84.66189000","US"
"Parma","4","41.40477000","-81.72291000","US"
"Stanford","4","47.15358000","-110.21826000","US"
"Locarno","4","46.17086000","8.79953000","CH"
"Parma","4","43.78516000","-116.94321000","US"
"Mühlhausen","4","49.24861000","8.72667000","DE"
"Fribourg","3","46.80237000","7.15128000","CH"
"Bethel","3","38.96368000","-84.08077000","US"
"Frutigen","3","46.58723000","7.64945000","CH"
"Adelaide","3","-32.70747000","26.29564000","ZA"
"Seattle","3","47.60621000","-122.33207000","US"
"Hopkins","3","44.92496000","-93.46273000","US"
"Kabul","3","34.52813000","69.17233000","AF"
"Haven","3","37.89890000","-97.78283000","US"
"Spiez","3","46.68473000","7.69111000","CH"
"Sedan","3","49.70187000","4.94028000","FR"
"Mayer","3","34.39781000","-112.23627000","US"
"Bethel","3","47.49398000","-122.63125000","US"
"Bielefeld","3","52.03333000","8.53333000","DE"
"Wiesbaden","3","50.08258000","8.24932000","DE"
"Homburg","3","47.63469000","9.00756000","CH"
"Bethel","3","41.37121000","-73.41401000","US"
"Bethel","3","35.80710000","-77.37886000","US"
"Hopkins","3","33.90432000","-80.87703000","US"
"Ascona","3","46.15451000","8.77327000","CH"
"Pasadena","3","49.01671000","-57.59837000","CA"
"Pasadena","3","29.69106000","-95.20910000","US"
"Bethel","3","60.79222000","-161.75583000","US"
"Vogt","3","47.76667000","9.76667000","DE"
"Metz","3","49.11911000","6.17269000","FR"
"Wolfenbüttel","3","52.16442000","10.54095000","DE"
"Mayer","3","44.88496000","-93.88775000","US"
"Colmar","3","49.81028000","6.09722000","LU"
"Essen","3","51.45657000","7.01228000","DE"
"Pasadena","3","39.10733000","-76.57108000","US"
"Essen","3","51.46791000","4.46901000","BE"
"Lyon","3","45.74846000","4.84671000","FR"
"Idstein","3","50.21773000","8.26679000","DE"
"Haven","3","-36.76072000","142.19426000","AU"
"Grenoble","3","45.17869000","5.71479000","FR"
"Metz","3","45.93343000","6.10973000","FR"
"Homburg","3","49.32637000","7.33867000","DE"
"Ins","3","47.00584000","7.10609000","CH"
"Kassel","3","51.31667000","9.50000000","DE"
"Pasadena","3","-35.00274000","138.58862000","AU"
"Davis","3","38.54491000","-121.74052000","US"
"Pasadena","3","34.14778000","-118.14452000","US"
"Adelaide","3","-34.92866000","138.59863000","AU"
"Rastatt","3","48.85851000","8.20965000","DE"
"Augsburg","3","48.37154000","10.89851000","DE"
"Colmar","3","48.08078000","7.35584000","FR"
"Bethel","3","44.40423000","-70.79062000","US"
"Stelle","3","53.38416000","10.11138000","DE"
"Porrentruy","3","47.41728000","7.07573000","CH"
"Malmö","3","55.60587000","13.00073000","SE"
"Sedan","3","37.12672000","-96.18694000","US"
"Essen","3","52.72258000","7.93710000","DE"
"Disentis","3","46.70341000","8.85090000","CH"
"Nancy","3","48.68439000","6.18496000","FR"
"Dijon","3","47.31667000","5.01667000","FR"
"Davis","3","34.50453000","-97.11946000","US"
"Bethel","3","17.98527000","-76.58050000","JM"
"Bremgarten","3","47.35109000","8.34214000","CH"
"Manchester","2","35.48174000","-86.08860000","US"
"Bruno","2","44.79262000","8.43973000","IT"
"Laur","2","15.51969610","121.10070030","PH"
"Maryland","2","18.38679000","-78.12825000","JM"
"Alexandria","2","40.26282000","-85.67581000","US"
"Kaplan","2","29.99798000","-92.28485000","US"
"Olten","2","47.34999000","7.90329000","CH"
"Pavia","2","45.19205000","9.15917000","IT"
"Alfred","2","43.47647000","-70.71839000","US"
"Alexandria","2","-6.39998000","-37.96862000","BR"
"Seeberg","2","47.15585000","7.66567000","CH"
"Riga","2","56.94600000","24.10589000","LV"
"Concepcion","2","12.39750000","122.09361000","PH"
"Maryland","2","-32.87888000","151.66143000","AU"
"Concepcion","2","14.80000000","120.93333333","PH"
"Houston","2","55.86859000","-4.55201000","GB"
"Ithaca","2","42.44063000","-76.49661000","US"
"Houston","2","37.32616000","-91.95599000","US"
"Houston","2","33.89845000","-88.99923000","US"
"Nyon","2","46.38318000","6.23955000","CH"
"Matti","2","6.77055556","125.30861111","PH"
"Niederbipp","2","47.27175000","7.69583000","CH"
"Maryland","2","18.05166000","-76.74320000","JM"
"Tessin","2","54.02764000","12.46519000","DE"
"Aberdeen","2","18.20508000","-77.67932000","JM"
"Aberdeen","2","42.94408000","-112.83833000","US"
"Providence","2","41.82399000","-71.41283000","US"
"Minneapolis","2","44.97997000","-93.26384000","US"
"Alexandria","2","31.31129000","-92.44514000","US"
"Exeter","2","-34.83994000","138.48902000","AU"
"Unterseen","2","46.68530000","7.84722000","CH"
"Bordeaux","2","44.84044000","-0.58050000","FR"
"Philadelphia","2","39.95233000","-75.16379000","US"
"Kirchen","2","50.80849000","7.88634000","DE"
"Houston","2","29.76328000","-95.36327000","US"
"Concepcion","2","10.69200000","123.06080000","PH"
"Gerber","2","40.05627000","-122.15027000","US"
"Exeter","2","43.34358630","-81.49726020","CA"
"Manchester","2","43.69054000","-89.04845000","US"
"Panama","2","35.16732000","-94.67245000","US"
"Vevey","2","46.46299000","6.84345000","CH"
"Brig","2","46.31667000","7.98333000","CH"
"Manchester","2","41.77593000","-72.52148000","US"
"Zuoz","2","46.60206000","9.95965000","CH"
"Pavia","2","10.76564120","122.49686030","PH"
"Alexandria","2","31.20176000","29.91582000","EG"
"Alexandria","2","18.30411000","-77.35311000","JM"
"Oberdiessbach","2","46.84117000","7.61730000","CH"
"Herzogenbuchsee","2","47.18795000","7.70620000","CH"
"Ithaca","2","43.29170000","-84.60750000","US"
"Alexandria","2","43.61146000","-71.79286000","US"
"Bogota","2","40.87621000","-74.02986000","US"
"Agronom","2","45.14021000","39.19484000","RU"
"Rorschach","2","47.47800000","9.49030000","CH"
"Horgen","2","47.25983000","8.59778000","CH"
"Manchester","2","42.99564000","-71.45479000","US"
"Laufen","2","47.42193000","7.49946000","CH"
"Göteborg","2","57.70716000","11.96679000","SE"
"Bätterkinden","2","47.13164000","7.53817000","CH"
"Albert","2","50.00091000","2.65096000","FR"
"Heilbronn","2","49.13995000","9.22054000","DE"
"Louisiana","2","39.44894000","-91.05153000","US"
"Rotterdam","2","42.78702000","-73.97096000","US"
"Potsdam","2","52.39886000","13.06566000","DE"
"Bethesda","2","53.18150000","-4.05828000","GB"
"Manchester","2","42.96979000","-77.23026000","US"
"Exeter","2","41.32064000","-75.81908000","US"
"Alexandria","2","43.98333000","25.33333000","RO"
"Alexandria","2","33.77399000","-85.88552000","US"
"Manchester","2","38.59700000","-90.50929000","US"
"Seedorf","2","47.03445000","7.31249000","CH"
"Manchester","2","53.41667000","-2.25000000","GB"
"Wynau","2","47.25570000","7.81626000","CH"
"Erlach","2","47.04220000","7.09728000","CH"
"Haag","2","48.11362000","14.56753000","AT"
"Rotterdam","2","51.92250000","4.47917000","NL"
"Upton","2","44.09970000","-104.62802000","US"
"Alexandria","2","55.99379000","-4.58640000","GB"
"Wuppertal","2","51.25627000","7.14816000","DE"
"Alfred","2","42.25424000","-77.79055000","US"
"Samedan","2","46.53399000","9.87276000","CH"
"Manchester","2","44.32451000","-69.86033000","US"
"Gotha","2","28.52778000","-81.52313000","US"
"Köniz","2","46.92436000","7.41457000","CH"
"Aberdeen","2","22.24700000","114.15200000","HK"
"Philadelphia","2","44.15450000","-75.70882000","US"
"Providence","2","41.70632000","-111.81717000","US"
"Seedorf","2","46.88199000","8.61611000","CH"
"Wädenswil","2","47.22683000","8.66870000","CH"
"Aberdeen","2","39.50956000","-76.16412000","US"
"Aberdeen","2","45.46470000","-98.48648000","US"
"Houston","2","40.24646000","-80.21145000","US"
"Concepcion","2","12.92496680","121.66804690","PH"
"Wangen","2","47.41182000","8.64516000","CH"
"Manchester","2","32.85985000","-84.61993000","US"
"Aberdeen","2","-32.16588000","150.89003000","AU"
"Lüneburg","2","53.25090000","10.41409000","DE"
"Ulm","2","48.39841000","9.99155000","DE"
"Aberdeen","2","46.97537000","-123.81572000","US"
"Mulhouse","2","47.75205000","7.32866000","FR"
"Haag","2","48.27063000","14.26875000","AT"
"Engelberg","2","46.82107000","8.40133000","CH"
"Kloster","2","46.88333000","15.08333000","AT"
"Alexandria","2","38.80484000","-77.04692000","US"
"Exeter","2","50.72360000","-3.52751000","GB"
"Bethesda","2","40.01618000","-81.07260000","US"
"Zwickau","2","50.72724000","12.48839000","DE"
"Exeter","2","36.29606000","-119.14205000","US"
"Rüti","2","47.25603000","8.85552000","CH"
"Ferenbalm","2","46.94880000","7.21124000","CH"
"Concepcion","2","7.75055556","125.71194444","PH"
"Manchester","2","38.68813000","-83.60936000","US"
"Manchester","2","40.06315000","-76.71830000","US"
"Coburg","2","50.25937000","10.96384000","DE"
"Erfurt","2","50.97870000","11.03283000","DE"
"Houston","2","54.39976000","-126.67008000","CA"
"Paul","2","42.60796000","-113.78335000","US"
"Alexandria","2","38.95951000","-84.38799000","US"
"Wettingen","2","47.47049000","8.31636000","CH"
"Altenburg","2","48.64765000","15.59295000","AT"
"Manchester","2","47.55566000","-122.54507000","US"
"Rottweil","2","48.16783000","8.62719000","DE"
"Hindelbank","2","47.04270000","7.54143000","CH"
"Aberdeen","2","33.82511000","-88.54366000","US"
"Halberstadt","2","51.89562000","11.05622000","DE"
"Kaunas","2","54.90272000","23.90961000","LT"
"Maulbronn","2","48.99958000","8.80337000","DE"
"Nur","2","36.31667000","51.98333000","IR"
"Laufen","2","47.93568000","12.92856000","DE"
"Kaiserslautern","2","49.44300000","7.77161000","DE"
"Merrill","2","45.18052000","-89.68346000","US"
"Bratislava","2","48.14816000","17.10674000","SK"
"Bethesda","2","38.98067000","-77.10026000","US"
"Nur","2","52.66826000","22.32207000","PL"
"Philadelphia","2","32.77152000","-89.11673000","US"
"Houston","2","61.63028000","-149.81806000","US"
"Upton","2","53.61466000","-1.28677000","GB"
"Manchester","2","42.15032000","-84.03772000","US"
"Coburg","2","44.13707000","-123.06648000","US"
"Exeter","2","42.98148000","-70.94783000","US"
"Upton","2","42.17454000","-71.60229000","US"
"Mayo","2","7.00222222","126.33194444","PH"
"Delémont","2","47.36493000","7.34453000","CH"
"Täuffelen","2","47.06630000","7.19883000","CH"
"Concepcion","2","11.23651550","123.03578670","PH"
"Wangen","2","47.34365000","7.86982000","CH"
"Minneapolis","2","39.12194000","-97.70670000","US"
"Herborn","2","50.68135000","8.30369000","DE"
"Gotha","2","50.94823000","10.70193000","DE"
"Providence","2","-20.24472000","57.61222000","MU"
"Manchester","2","37.15370000","-83.76186000","US"
"Aberdeen","2","35.13155000","-79.42948000","US"
"Glarus","2","47.04057000","9.06804000","CH"
"Aberdeen","2","57.14369000","-2.09814000","GB"
"Concepcion","2","8.41872210","123.55739490","PH"
"Aberdeen","2","41.43893000","-87.11142000","US"
"Philadelphia","2","18.40005000","-77.32735000","JM"
"Manchester","2","42.48415000","-91.45543000","US"
"Potsdam","2","44.66978000","-74.98131000","US"
"Providence","2","38.57451000","-85.22107000","US"
"Seedorf","2","48.24908000","8.48993000","DE"
"Krauchthal","2","47.00964000","7.56640000","CH"
"Seedorf","2","54.05000000","10.41667000","DE"
"Potsdam","2","17.91872000","-77.66869000","JM"
"Speyer","2","49.32083000","8.43111000","DE"
"Providence","2","33.23340000","-96.96158000","US"
"Montevideo","2","44.94803000","-95.71701000","US"
"Alexandria","2","45.88524000","-95.37754000","US"
"Concepcion","2","15.33908210","120.60927940","PH"
"Coburg","2","-37.75000000","144.96667000","AU"
"Montevideo","2","-34.90328000","-56.18816000","UY"
"Frauenkappelen","2","46.95425000","7.33835000","CH"
"Exeter","2","41.57760000","-71.53756000","US"
"Altenburg","2","50.98763000","12.43684000","DE"
"Steckborn","2","47.66667000","8.98333000","CH"
"Alexandria","2","43.65359000","-97.78285000","US"
"Alexandria","2","-33.89989000","151.19951000","AU"
"Zweisimmen","2","46.55539000","7.37302000","CH"
"Manchester","2","39.66121000","-76.88498000","US"
"Wangen","2","47.68950000","9.83247000","DE"
"Aberdeen","2","26.55063000","-80.14866000","US"
"Romny","1","50.72070000","129.29122000","RU"
"Lund","1","55.70584000","13.19321000","SE"
"Jerusalem","1","18.32458000","-78.21563000","JM"
"Perugia","1","43.11220000","12.38878000","IT"
"Hamilton","1","32.29400000","-64.78300000","BM"
"Romny","1","50.75104000","33.47471000","UA"
"Carolina","1","-7.33561000","-47.46218000","BR"
"Hof","1","47.86667000","13.31667000","AT"
"Hamm","1","50.76531000","7.67761000","DE"
"Anna","1","39.02029000","-0.64621000","ES"
"Tuscaloosa","1","33.20984000","-87.56917000","US"
"Smyrna","1","33.88399000","-84.51438000","US"
"Strasbourg","1","48.58392000","7.74553000","FR"
"Jura","1","46.73431000","5.72349000","FR"
"Kaufbeuren","1","47.88238000","10.62192000","DE"
"Crosby","1","48.91420000","-103.29491000","US"
"Michael","1","54.27427780","-4.64273250","IM"
"Nevers","1","46.98956000","3.15900000","FR"
"Aubonne","1","46.49514000","6.39155000","CH"
"Cardiff","1","51.48000000","-3.18000000","GB"
"Emory","1","32.87457000","-95.76552000","US"
"Warburg","1","51.49011000","9.14641000","DE"
"Kamen","1","51.59231000","7.66380000","DE"
"Brookhaven","1","31.57906000","-90.44065000","US"
"Bludenz","1","47.15476000","9.82255000","AT"
"Brookhaven","1","33.85844000","-84.34020000","US"
"Hamilton","1","-37.78333000","175.28333000","NZ"
"Orleans","1","38.66172000","-86.45166000","US"
"Waterloo","1","42.90479000","-76.86274000","US"
"Verden","1","52.92343000","9.23491000","DE"
"Carolina","1","18.38888889","-65.96666667","US"
"Waterloo","1","50.71469000","4.39910000","BE"
"Neuss","1","51.19807000","6.68504000","DE"
"Clark","1","40.64094000","-74.31070000","US"
"Ash","1","51.27883000","1.27974000","GB"
"Lörrach","1","47.61497000","7.66457000","DE"
"Lublin","1","51.25000000","22.56667000","PL"
"Wimmis","1","46.67587000","7.63972000","CH"
"Lünen","1","51.61634000","7.52872000","DE"
"Friedland","1","51.41917000","9.91762000","DE"
"Smith","1","38.80047000","-119.32738000","US"
"Klagenfurt","1","46.63873000","14.29730000","AT"
"Ende","1","-8.84320000","121.66230000","ID"
"Odessa","1","28.19390000","-82.59176000","US"
"Zossen","1","52.21600000","13.44909000","DE"
"Jackson","1","39.77650000","-74.86238000","US"
"Horst","1","53.81195000","9.62307000","DE"
"Orleans","1","-28.30008000","-49.35423000","BR"
"Mayo","1","7.00211000","126.33198000","PH"
"Marne","1","48.99116000","4.25966000","FR"
"Brookhaven","1","40.77927000","-72.91538000","US"
"Napoleon","1","42.16059000","-84.24606000","US"
"Bray","1","53.20278000","-6.09833000","IE"
"Jackson","1","32.29876000","-90.18481000","US"
"Voss","1","60.62780000","6.41831000","NO"
"Hamilton","1","34.14232000","-87.98864000","US"
"Thorn","1","51.16167000","5.84167000","NL"
"Lawrence","1","40.61566000","-73.72958000","US"
"Fulda","1","50.55162000","9.67518000","DE"
"Freudenstadt","1","48.46695000","8.41371000","DE"
"Naumburg","1","51.24816000","9.16569000","DE"
"Marti","1","43.65453000","10.74058000","IT"
"Kaser","1","41.12121000","-74.06709000","US"
"Jackson","1","39.05202000","-82.63655000","US"
"Rickert","1","54.33333000","9.66667000","DE"
"Anna","1","33.34900000","-96.54860000","US"
"Sheffield","1","42.89330000","-93.21520000","US"
"Gmünd","1","48.76830000","14.98080000","AT"
"Linda","1","56.61571000","44.09544000","RU"
"Stralsund","1","54.30911000","13.08180000","DE"
"Riva","1","44.89252000","7.38189000","IT"
"Lawrence","1","42.70704000","-71.16311000","US"
"Zollikofen","1","46.99905000","7.45809000","CH"
"Bremen","1","53.07516000","8.80777000","DE"
"Jackson","1","31.50905000","-87.89444000","US"
"Central","1","22.28100000","114.15900000","HK"
"Offenbach","1","50.10061000","8.76647000","DE"
"Aller","1","43.14970190","-5.68787360","ES"
"Birmingham","1","33.52066000","-86.80249000","US"
"Pittsburg","1","37.41088000","-94.70496000","US"
"Ganterschwil","1","47.38103000","9.09239000","CH"
"Hof","1","47.35000000","13.31667000","AT"
"Alabama","1","43.09645000","-78.39086000","US"
"Siena","1","43.31822000","11.33064000","IT"
"Van","1","32.52486000","-95.63718000","US"
"Stein","1","52.00333000","4.78194000","NL"
"Atlantic","1","41.40360000","-95.01388000","US"
"Anton","1","33.81120000","-102.16379000","US"
"Meissen","1","51.16158000","13.47370000","DE"
"Geldern","1","51.51908000","6.32363000","DE"
"Central","1","-11.15424000","-42.08146000","BR"
"Maxwell","1","39.27628000","-122.19137000","US"
"Calgary","1","51.05011000","-114.08529000","CA"
"Florida","1","15.03333000","-88.83333000","HN"
"Maribor","1","46.55472000","15.64667000","SI"
"Bremen","1","39.70173000","-82.42682000","US"
"Büdingen","1","50.29013000","9.11140000","DE"
"Minor","1","33.53733000","-86.94055000","US"
"Hill","1","43.52424000","-71.70091000","US"
"Thalwil","1","47.29175000","8.56351000","CH"
"Altkirch","1","47.62417000","7.23954000","FR"
"Waltham","1","42.37649000","-71.23561000","US"
"Dinslaken","1","51.56227000","6.74340000","DE"
"Schönthal","1","49.35000000","12.60000000","DE"
"Howard","1","44.54360000","-88.08816000","US"
"Ludwigsburg","1","48.89731000","9.19161000","DE"
"Flawil","1","47.41301000","9.18324000","CH"
"Stettler","1","52.31683000","-112.71861000","CA"
"Gaston","1","36.50043000","-77.64498000","US"
"Kirchlindach","1","46.99965000","7.41735000","CH"
"Bamberg","1","33.29710000","-81.03482000","US"
"Central","1","18.33568380","-64.79470780","VI"
"Mission","1","26.21591000","-98.32529000","US"
"Knonau","1","47.22350000","8.46197000","CH"
"Centre","1","34.15204000","-85.67885000","US"
"Hamilton","1","42.82701000","-75.54462000","US"
"Worcester","1","42.59146000","-74.75043000","US"
"Florida","1","3.30940000","-76.18989000","CO"
"Central","1","34.72427000","-82.78125000","US"
"Davidson","1","-33.74297000","151.20080000","AU"
"Kempen","1","51.36432000","6.41858000","DE"
"Treviso","1","45.66673000","12.24160000","IT"
"Kirchdorf","1","48.07667000","10.12629000","DE"
"Landes","1","43.97543000","-0.74241000","FR"
"Clapham","1","-34.98989000","138.60158000","AU"
"Osaka","1","34.69374000","135.50218000","JP"
"Sheffield","1","53.38297000","-1.46590000","GB"
"Bethlehem","1","40.62593000","-75.37046000","US"
"Toronto","1","43.70011000","-79.41630000","CA"
"Martin","1","36.34340000","-88.85034000","US"
"Mason","1","30.74879000","-99.23061000","US"
"Schwerin","1","53.62937000","11.41316000","DE"
"Köthen","1","51.75185000","11.97093000","DE"
"Detmold","1","51.93855000","8.87318000","DE"
"Center","1","42.60945000","-97.87673000","US"
"Albuquerque","1","35.08449000","-106.65114000","US"
"Durham","1","35.99403000","-78.89862000","US"
"Palo","1","11.14411430","124.88424850","PH"
"Bally","1","22.65000000","88.34000000","IN"
"Anderson","1","30.48715000","-95.98690000","US"
"Mönchengladbach","1","51.18539000","6.44172000","DE"
"Belfast","1","-25.68991000","30.03504000","ZA"
"Osten","1","53.70000000","9.20000000","DE"
"Kirchdorf","1","52.59523000","8.83490000","DE"
"Mayo","1","35.08401000","-81.85983000","US"
"Tucson","1","32.22174000","-110.92648000","US"
"Mission","1","45.67041000","-118.68359000","US"
"Waterloo","1","38.33589000","-90.14983000","US"
"Hamilton","1","39.74362000","-93.99827000","US"
"Turin","1","45.07049000","7.68682000","IT"
"Hansen","1","42.53068000","-114.30101000","US"
"Holstein","1","42.48915000","-95.54500000","US"
"Eggiwil","1","46.87575000","7.79567000","CH"
"Jackson","1","43.32389000","-88.16676000","US"
"Stein","1","46.99778000","16.08694000","AT"
"Durham","1","39.64627000","-121.79998000","US"
"Piedras","1","4.50000000","-74.91667000","CO"
"Venezuela","1","21.73748000","-78.79336000","CU"
"Mission","1","39.02778000","-94.65579000","US"
"Zittau","1","50.89772000","14.80764000","DE"
"Jackson","1","33.29457000","-83.96602000","US"
"Steyr","1","48.04274000","14.42127000","AT"
"Wetzlar","1","50.56109000","8.50495000","DE"
"Melbourne","1","36.05951000","-91.90848000","US"
"Waterloo","1","43.46680000","-80.51639000","CA"
"Hamilton","1","39.39950000","-84.56134000","US"
"Waltham","1","53.51667000","-0.10000000","GB"
"Mason","1","39.36006000","-84.30994000","US"
"Donaueschingen","1","47.95514000","8.49707000","DE"
"Ayr","1","-19.57393000","147.40666000","AU"
"Spiro","1","35.24121000","-94.61994000","US"
"Hundeshagen","1","51.43333000","10.28333000","DE"
"Lund","1","53.91920000","-0.52211000","GB"
"Raymond","1","46.68649000","-123.73294000","US"
"Hilbert","1","44.14027000","-88.16399000","US"
"Küsnacht","1","47.31805000","8.58401000","CH"
"Worcester","1","42.26259000","-71.80229000","US"
"Bethlehem","1","39.39203000","-80.28064000","US"
"Lund","1","58.45715000","6.54871000","NO"
"Palo","1","42.06611000","-91.79546000","US"
"Jerusalem","1","31.76904000","35.21633000","IL"
"Durham","1","41.48176000","-72.68121000","US"
"Bethlehem","1","31.70541650","35.18184280","PS"
"Jackson","1","43.62079000","-94.98860000","US"
"Jackson","1","43.47993000","-110.76243000","US"
"Hirschberg","1","50.41822460","11.73012200","DE"
"Lyss","1","47.07410000","7.30655000","CH"
"Hof","1","50.31297000","11.91261000","DE"
"Goldberg","1","53.58878000","12.08855000","DE"
"Energy","1","37.77394000","-89.02646000","US"
"Sumiswald","1","47.02747000","7.74526000","CH"
"Aarhus","1","56.15674000","10.21076000","DK"
"Hamilton","1","46.24687000","-114.16037000","US"
"Belfast","1","44.42591000","-69.00642000","US"
"Melbourne","1","28.08363000","-80.60811000","US"
"Cardiff","1","-32.94201000","151.65440000","AU"
"Oberburg","1","47.03665000","7.62745000","CH"
"Courtelary","1","47.17822000","7.07236000","CH"
"Toronto","1","-33.01357000","151.59373000","AU"
"Jones","1","35.56589000","-97.28698000","US"
"Martin","1","13.78941000","-61.04542000","LC"
"Hamilton","1","32.75791000","-84.87493000","US"
"Koppigen","1","47.13125000","7.60525000","CH"
"Andrews","1","32.31872000","-102.54572000","US"
"Martin","1","-32.07549000","116.04536000","AU"
"Quedlinburg","1","51.78843000","11.15006000","DE"
"Mayo","1","30.05300000","-83.17486000","US"
"Windham","1","41.69982000","-72.15702000","US"
"Alto","1","44.10863000","8.00215000","IT"
"Nes","1","60.12252000","11.46570000","NO"
"Sheffield","1","34.76509000","-87.69864000","US"
"Neuchâtel","1","46.99179000","6.93100000","CH"
"Jackson","1","37.38227000","-89.66621000","US"
"Waterloo","1","8.33890000","-13.07091000","SL"
"Viernheim","1","49.54033000","8.57820000","DE"
"Oetwil","1","47.27049000","8.72023000","CH"
"Aarberg","1","47.04439000","7.27578000","CH"
"Sheffield","1","42.11037000","-73.35511000","US"
"Durham","1","45.40206000","-122.75287000","US"
"Lucerna","1","14.55000000","-88.93333000","HN"
"Peru","1","40.75365000","-86.06888000","US"
"Biberach","1","48.61008000","8.27704000","DE"
"Alexander","1","34.62954000","-92.44127000","US"
"Krebs","1","34.92787000","-95.71582000","US"
"Belfast","1","40.78065000","-75.27796000","US"
"Bela","1","25.92058000","81.99629000","IN"
"Sigriswil","1","46.71656000","7.71335000","CH"
"Treviso","1","-28.49941000","-49.50360000","BR"
"Herrenberg","1","48.59523000","8.86648000","DE"
"Gelnhausen","1","50.20164000","9.18742000","DE"
"Thüringen","1","47.20000000","9.76667000","AT"
"Aarburg","1","47.32067000","7.89986000","CH"
"Martin","1","49.06651000","18.92399000","SK"
"Riehen","1","47.58333300","7.63333300","CH"
"Durham","1","54.77676000","-1.57566000","GB"
"Howard","1","37.47031000","-96.26361000","US"
"Durham","1","43.13397000","-70.92645000","US"
"Andrews","1","33.45128000","-79.56090000","US"
"Central","1","30.55435000","-91.03677000","US"
"Carbondale","1","38.81862000","-95.68915000","US"
"Trier","1","49.75565000","6.63935000","DE"
"Prelog","1","46.33500000","16.61556000","HR"
"Lenzburg","1","47.38853000","8.17503000","CH"
"Ludhiana","1","30.91204000","75.85379000","IN"
"Melbourne","1","-37.81400000","144.96332000","AU"
"Kreuzlingen","1","47.65051000","9.17504000","CH"
"Saint-Affrique","1","43.95575000","2.88915000","FR"
"Melbourne","1","52.82190000","-1.42522000","GB"
"Toronto","1","40.46423000","-80.60091000","US"
"Worcester","1","-33.64651000","19.44852000","ZA"
"Windham","1","42.80064000","-71.30423000","US"
"Huxley","1","41.89527000","-93.60077000","US"
"Liverpool","1","-33.92418000","150.91232000","AU"
"Beromünster","1","47.20612000","8.19265000","CH"
"Gaston","1","33.81710000","-81.10093000","US"
"Raymond","1","49.44998000","-112.65185000","CA"
"Jones","1","16.52909360","121.60898600","PH"
"Jackson","1","33.32542000","-81.78789000","US"
"Vermont","1","-37.83616000","145.19428000","AU"
"Cernier","1","47.05878000","6.90040000","CH"
"Ravensburg","1","47.78198000","9.61062000","DE"
"Guben","1","51.94987000","14.71447000","DE"
"Pittsburg","1","38.02798000","-121.88468000","US"
"Waterloo","1","42.49276000","-92.34296000","US"
"Center","1","37.75306000","-106.10864000","US"
"Hamilton","1","40.39643000","-91.33904000","US"
"Auerbach","1","50.51155000","12.40083000","DE"
"Waterloo","1","53.47454000","-3.03017000","GB"
"Becker","1","45.39330000","-93.87692000","US"
"Joslin","1","-34.89967000","138.62655000","AU"
"Hilbert","1","-32.17818000","115.98490000","AU"
"Bray","1","34.63786000","-97.81753000","US"
"Feuerthalen","1","47.69054000","8.64357000","CH"
"Raymond","1","43.03620000","-71.18340000","US"
"Neumünster","1","54.07477000","9.98195000","DE"
"Nes","1","53.44502000","5.77400000","NL"
"Jackson","1","37.55315000","-83.38351000","US"
"Neuweiler","1","48.66667000","8.60000000","DE"
"Odessa","1","38.99917000","-93.95356000","US"
"Ellwangen","1","48.96164000","10.13173000","DE"
"Sheffield","1","41.70395000","-79.03560000","US"
"Orleans","1","41.78983000","-69.98974000","US"
"Florida","1","41.33176000","-74.35682000","US"
"Anderson","1","40.44821000","-122.29778000","US"
"Carolina","1","6.74807000","-75.32131000","CO"
"Helmstedt","1","52.22790000","11.00985000","DE"
"Selb","1","50.17058000","12.13054000","DE"
"Naumburg","1","51.14987000","11.80979000","DE"
"Anderson","1","40.10532000","-85.68025000","US"
"Anton","1","42.75000000","24.28333000","BG"
"Belfast","1","54.59682000","-5.92541000","GB"
"Minsk","1","53.90000000","27.56667000","BY"
"Martin","1","18.30118000","-76.87257000","JM"
"Rheinau","1","48.66602000","7.93659000","DE"
"Kappelen","1","47.06015000","7.26860000","CH"
"Stein","1","49.41581000","11.01599000","DE"
"Jackson","1","36.38960000","-77.42136000","US"
"Traben-Trarbach","1","49.95076000","7.11562000","DE"
"Center","1","31.79545000","-94.17909000","US"
"Bryan","1","30.67436000","-96.36996000","US"
"Mayo","1","38.88761000","-76.51190000","US"
"Jackson","1","42.24587000","-84.40135000","US"
"Lützelflüh","1","47.00757000","7.69165000","CH"
"Vancouver","1","45.63873000","-122.66149000","US"
"Avenches","1","46.88004000","7.04071000","CH"
"Bethlehem","1","-28.23078000","28.30707000","ZA"
"Adler","1","43.42896000","39.92391000","RU"
"Brookhaven","1","39.61175000","-79.90451000","US"
"Andrews","1","35.20175000","-83.82407000","US"
"Martin","1","45.49222000","18.06667000","HR"
"Howard","1","44.01081000","-97.52674000","US"
"Mission","1","49.13298000","-122.30258000","CA"
"Orbe","1","46.72504000","6.53069000","CH"
"Sitten","1","46.22739000","7.35559000","CH"
"Birmingham","1","52.48142000","-1.89983000","GB"
"Hamilton","1","43.25011000","-79.84963000","CA"
"Neustrelitz","1","53.36130000","13.07292000","DE"
"Scotland","1","39.96870000","-77.58721000","US"
"Jackson","1","35.61452000","-88.81395000","US"
"Bronx","1","40.82732000","-73.92357000","US"
"Shanghai","1","31.22222000","121.45806000","CN"
"Dubois","1","44.17630000","-112.23082000","US"
"Florida","1","27.66482740","-81.51575350","PR"
"Emory","1","36.77289000","-81.83623000","US"
"Iowa","1","30.23687000","-93.01376000","US"
"Lardy","1","48.51847000","2.27360000","FR"
"Liverpool","1","43.10646000","-76.21770000","US"
"Anderson","1","34.50344000","-82.65013000","US"
"Langnau","1","46.93936000","7.78738000","CH"
"Dortmund","1","51.51494000","7.46600000","DE"
"Simmern","1","49.98198000","7.52351000","DE"
"Lawrence","1","39.83865000","-86.02526000","US"
"Hitzkirch","1","47.22403000","8.26425000","CH"
"Thierachern","1","46.75319000","7.57442000","CH"
"Carolina","1","-26.06927000","30.11489000","ZA"
"Landis","1","35.54569000","-80.61090000","US"
"Bolligen","1","46.97510000","7.49697000","CH"
"Rio","1","43.44776000","-89.23984000","US"
"Plauen","1","50.49730000","12.13782000","DE"
"Cornell","1","45.16719000","-91.14931000","US"
"Auerbach","1","48.80353000","13.09952000","DE"
"Tuttlingen","1","47.98464000","8.81770000","DE"
"Akert","1","51.41407000","5.55960000","NL"
"Martin","1","43.17250000","-101.73265000","US"
"Trebbin","1","52.21675000","13.22496000","DE"
"Sheffield","1","-41.39947000","146.33897000","AU"
"Charolles","1","46.43451000","4.27527000","FR"
"Jackson","1","38.34880000","-120.77410000","US"
"Birmingham","1","42.54670000","-83.21132000","US"
"Howard","1","8.93942000","-79.59097000","PA"
"Alto","1","31.65045000","-95.07272000","US"
"Lutz","1","28.15112000","-82.46148000","US"
"Andreas","1","54.36841400","-4.52114630","IM"
"Atlanta","1","45.00473000","-84.14389000","US"
"Pittsburg","1","32.99540000","-94.96577000","US"
"Diepholz","1","52.60783000","8.37005000","DE"
"Clark","1","44.87774000","-97.73314000","US"
"Carbondale","1","37.72727000","-89.21675000","US"
"Herisau","1","47.38615000","9.27916000","CH"
"Durham","1","42.39953000","-74.17236000","US"
"Cavalier","1","48.79388000","-97.62231000","US"
"Hermann","1","38.70421000","-91.43738000","US"
"Gränichen","1","47.35930000","8.10243000","CH"
"Windham","1","41.23506000","-81.04926000","US"
"Clapham","1","52.16085000","-0.49529000","GB"
"Messen","1","47.09155000","7.44528000","CH"
"Worb","1","46.92984000","7.56306000","CH"
"Jackson","1","30.83740000","-91.21761000","US"
"Moulins","1","46.56459000","3.33243000","FR"
"Kirchdorf","1","48.45942000","11.65438000","DE"
"Bela","1","26.22718000","66.31178000","PK"
"Matti","1","6.77056000","125.30861000","PH"
"Alto","1","43.67665000","-88.79511000","US"
"Waterloo","1","41.28694000","-96.28558000","US"
"Bryan","1","41.47477000","-84.55245000","US"
"Florida","1","18.36495300","-66.56616100","US"
"Bethlehem","1","35.82569000","-81.30703000","US"
"Boudry","1","46.94991000","6.83757000","CH"
"Durham","1","44.20012000","-78.99957000","CA"
"Cuxhaven","1","53.87176000","8.69087000","DE"
"Aix-en-Provence","1","43.52830000","5.44973000","FR"
"Kremsmünster","1","48.05290000","14.12919000","AT"
"Crosby","1","53.47778000","-3.03333000","GB"
"Alto","1","34.46732000","-83.57378000","US"
"Anna","1","51.48420000","40.42990000","RU"
"Hamilton","1","41.53366000","-84.91274000","US"
"Hof","1","50.66667000","8.01667000","DE"
"Davidson","1","35.50233000","-80.83912000","US"
"Binningen","1","47.54021000","7.56932000","CH"
"Smyrna","1","39.29983000","-75.60465000","US"
"Raymond","1","43.90146000","-70.47033000","US"
"Mödling","1","48.08605000","16.28921000","AT"
"Rheineck","1","47.46630000","9.59028000","CH"
"Atlanta","1","33.11374000","-94.16435000","US"
"Anderson","1","36.65063000","-94.44355000","US"
"Krefeld","1","51.33645000","6.55381000","DE"
"Napoleon","1","41.39227000","-84.12522000","US"
"Friedland","1","53.67028000","13.55400000","DE"
"Odessa","1","31.84568000","-102.36764000","US"
"Lemgo","1","52.02786000","8.89901000","DE"
"Center","1","47.11638000","-101.29959000","US"
"Hamilton","1","31.70377000","-98.12392000","US"
"Bremen","1","33.72122000","-85.14550000","US"
"Peru","1","44.57838000","-73.52680000","US"
"Trieste","1","45.64953000","13.77678000","IT"
"Andrews","1","40.86254000","-85.60165000","US"
"Nidau","1","47.12545000","7.24033000","CH"
"Thomas","1","35.74422000","-98.74758000","US"
"Güstrow","1","53.79720000","12.17337000","DE"
"Atlanta","1","33.74900000","-84.38798000","US"
"Bally","1","40.40232000","-75.58713000","US"
"Ansbach","1","49.30481000","10.59310000","DE"
"Stein","1","50.96917000","5.76667000","NL"
"Ayr","1","55.46273000","-4.63393000","GB"
"Florida","1","-34.09556000","-56.21417000","UY"
"Hamilton","1","55.76667000","-4.03333000","GB"
"Laupen","1","46.90214000","7.23973000","CH"
"Mecklenburg","1","53.84270000","11.46330000","DE"
"Riva","1","38.95206000","-76.57802000","US"
"Belfast","1","46.08341000","-62.88197000","CA"
"Madiswil","1","47.16463000","7.79858000","CH"
"Friedland","1","52.10493000","14.26399000","DE"
"Kalamazoo","1","42.29171000","-85.58723000","US"
"Leutkirch","1","47.82672000","10.02050000","DE"
"Berchtesgaden","1","47.63236000","13.00187000","DE"
"Lawrence","1","38.97167000","-95.23525000","US"
"Durham","1","18.08566000","-76.51562000","JM"
"Grenchen","1","47.19210000","7.39586000","CH"
"Rüderswil","1","46.98374000","7.72167000","CH"
"Glückstadt","1","53.78893000","9.42576000","DE"
"Jihlava","1","49.39610000","15.59124000","CZ"
"Arnstadt","1","50.84048000","10.95198000","DE"
"Fulda","1","43.87052000","-95.60029000","US"
"Blois","1","47.59432000","1.32912000","FR"
"Grimma","1","51.23367000","12.71959000","DE"
"Bergedorf","1","53.48462000","10.22904000","DE"
"Calw","1","48.71419000","8.74031000","DE"
"City","1","14.00946000","-60.99027000","LC"
"Conley","1","33.64483000","-84.32576000","US"
"Nitra","1","48.30763000","18.08453000","SK"
"Palo","1","42.32270000","0.24376000","ES"
"Peru","1","41.32753000","-89.12897000","US"
"Howard","1","-25.31934000","152.55986000","AU"
"Bamberg","1","49.89873000","10.90067000","DE"
"Greiz","1","50.65778000","12.19918000","DE"
"Atlanta","1","40.25948000","-89.23342000","US"
"Carolina","1","18.36808770","-66.04247340","PR"
"Worms","1","49.63278000","8.35916000","DE"
"Denklingen","1","47.91667000","10.85000000","DE"
"Schopfheim","1","47.65105000","7.82089000","DE"
"Brookhaven","1","39.86928000","-75.38241000","US"
"Würenlingen","1","47.53356000","8.25666000","CH"
"Wil","1","47.46152000","9.04552000","CH"
"Sempach","1","47.13577000","8.19149000","CH"
"Guggisberg","1","46.76756000","7.32946000","CH"
"Waterloo","1","45.35008000","-72.51582000","CA"
"Mason","1","42.57920000","-84.44358000","US"
"Anna","1","40.39449000","-84.17272000","US"
"Central","1","36.32622000","-82.28958000","US"
"Worcester","1","52.18935000","-2.22001000","GB"
"Sheffield","1","41.42115000","-82.09626000","US"
"Crosby","1","29.91189000","-95.06215000","US"
"Trachselwald","1","47.01699000","7.73639000","CH"
"Carbondale","1","39.40221000","-107.21116000","US"
"Bremen","1","41.44644000","-86.14806000","US"
"Wels","1","48.16667000","14.03333000","AT"
"Gottlob","1","45.93600000","20.71168000","RO"
"Mason","1","35.41175000","-89.53285000","US"
"City","1","-35.28125000","149.12927000","AU"
"Ankara","1","39.90343670","32.43310030","TR"
"Waterloo","1","41.43199000","-85.01997000","US"
"Kamen","1","43.51417000","16.51472000","HR"
"Smyrna","1","35.98284000","-86.51860000","US"
"Liestal","1","47.48455000","7.73446000","CH"
"Boltigen","1","46.62847000","7.39054000","CH"
"Mission","1","43.30584000","-100.65819000","US"
"Ilfeld","1","51.57570000","10.78469000","DE"
"Waterloo","1","43.18388000","-88.98844000","US"
"Posen","1","41.63170000","-87.68144000","US"
"Peru","1","44.50673000","-70.40534000","US"
"Zollikerberg","1","47.34510000","8.60088000","CH"
"Calcutta","1","40.67340000","-80.57646000","US"
"Anna","1","37.46033000","-89.24703000","US"
"Hamilton","1","-27.43896000","153.06287000","AU"
"Crosby","1","46.48218000","-93.95776000","US"
"Mason","1","42.74370000","-71.76896000","US"
"Hamilton","1","-37.74425000","142.02202000","AU"
"Hamilton","1","-32.92207000","151.74711000","AU"
"Mittweida","1","50.98622000","12.97537000","DE"
"Goslar","1","51.90425000","10.42766000","DE"
"Freeman","1","43.35249000","-97.43729000","US"
"Liverpool","1","53.41058000","-2.97794000","GB"
"Florida","1","21.52536000","-78.22579000","CU"
"August","1","37.97881000","-121.26217000","US"
"Florida","1","-36.81666667","-72.66666667","CL"
"Nes","1","62.09870000","-6.76540000","FO"
"Seon","1","47.34848000","8.16072000","CH"
"Magdeburg","1","52.12773000","11.62916000","DE"
"Linda","1","39.12767000","-121.55080000","US"
"Porsgrunn","1","59.14190000","9.65680000","NO"
"Stein","1","47.54403000","7.95256000","CH"
"Zagreb","1","45.81444000","15.97798000","HR"
"Lawrence","1","-29.49210000","153.09689000","AU"
"Vancouver","1","49.24966000","-123.11934000","CA"
"Raymond","1","32.25931000","-90.42260000","US"
"Hamm","1","51.68033000","7.82089000","DE"
"Gmünd","1","46.90722000","13.52944000","AT"
"Pittsburgh","1","40.44062000","-79.99589000","US"
"Napoleon","1","46.50831000","-99.77122000","US"
"Livorno","1","43.54427000","10.32615000","IT"
"Carbondale","1","41.57369000","-75.50185000","US"
